{"assets/fonts/GothamBook.ttf":["assets/fonts/GothamBook.ttf"],"assets/fonts/Sora/Sora-VariableFont_wght.ttf":["assets/fonts/Sora/Sora-VariableFont_wght.ttf"],"assets/fonts/Sora/static/Sora-Bold.ttf":["assets/fonts/Sora/static/Sora-Bold.ttf"],"assets/fonts/Sora/static/Sora-ExtraBold.ttf":["assets/fonts/Sora/static/Sora-ExtraBold.ttf"],"assets/fonts/Sora/static/Sora-ExtraLight.ttf":["assets/fonts/Sora/static/Sora-ExtraLight.ttf"],"assets/fonts/Sora/static/Sora-Light.ttf":["assets/fonts/Sora/static/Sora-Light.ttf"],"assets/fonts/Sora/static/Sora-Medium.ttf":["assets/fonts/Sora/static/Sora-Medium.ttf"],"assets/fonts/Sora/static/Sora-Regular.ttf":["assets/fonts/Sora/static/Sora-Regular.ttf"],"assets/fonts/Sora/static/Sora-SemiBold.ttf":["assets/fonts/Sora/static/Sora-SemiBold.ttf"],"assets/fonts/Sora/static/Sora-Thin.ttf":["assets/fonts/Sora/static/Sora-Thin.ttf"],"assets/images/GOGOBOOK_DarkMood.png":["assets/images/GOGOBOOK_DarkMood.png"],"assets/images/GOGOBOOK_rast.jpg":["assets/images/GOGOBOOK_rast.jpg"],"assets/images/GOGOBOOK_rast.png":["assets/images/GOGOBOOK_rast.png"],"assets/images/GOGOBOOK_rast_150ppi.jpg":["assets/images/GOGOBOOK_rast_150ppi.jpg"],"assets/images/ad_banner.png":["assets/images/ad_banner.png"],"assets/images/background_image.jpg":["assets/images/background_image.jpg"],"assets/images/book.jpg":["assets/images/book.jpg"],"assets/images/book_cover.jpg":["assets/images/book_cover.jpg"],"assets/images/book_cover_image.jpg":["assets/images/book_cover_image.jpg"],"assets/images/book_cover_photo.jpg":["assets/images/book_cover_photo.jpg"],"assets/images/f.png":["assets/images/f.png"],"assets/images/g.png":["assets/images/g.png"],"assets/images/home.jpeg":["assets/images/home.jpeg"],"assets/images/profile.jpg":["assets/images/profile.jpg"],"assets/images/recommend 2.jpeg":["assets/images/recommend 2.jpeg"],"assets/images/recommend.jpeg":["assets/images/recommend.jpeg"],"assets/images/search.jpeg":["assets/images/search.jpeg"],"assets/images/sfondo.jpg":["assets/images/sfondo.jpg"],"assets/images/sfondo.png":["assets/images/sfondo.png"],"assets/translations/en-US.json":["assets/translations/en-US.json"],"assets/translations/it.json":["assets/translations/it.json"],"packages/cupertino_icons/assets/CupertinoIcons.ttf":["packages/cupertino_icons/assets/CupertinoIcons.ttf"],"packages/fluttertoast/assets/toastify.css":["packages/fluttertoast/assets/toastify.css"],"packages/fluttertoast/assets/toastify.js":["packages/fluttertoast/assets/toastify.js"]}