[{"family":"MaterialIcons","fonts":[{"asset":"fonts/MaterialIcons-Regular.otf"}]},{"family":"Gotham","fonts":[{"asset":"assets/fonts/GothamBook.ttf"}]},{"family":"Sora","fonts":[{"asset":"assets/fonts/Sora/Sora-VariableFont_wght.ttf"},{"asset":"assets/fonts/Sora/static/Sora-Bold.ttf"},{"asset":"assets/fonts/Sora/static/Sora-ExtraBold.ttf"},{"asset":"assets/fonts/Sora/static/Sora-ExtraLight.ttf"},{"asset":"assets/fonts/Sora/static/Sora-Light.ttf"},{"asset":"assets/fonts/Sora/static/Sora-Medium.ttf"},{"asset":"assets/fonts/Sora/static/Sora-Regular.ttf"},{"asset":"assets/fonts/Sora/static/Sora-SemiBold.ttf"},{"asset":"assets/fonts/Sora/static/Sora-Thin.ttf"}]},{"family":"packages/cupertino_icons/CupertinoIcons","fonts":[{"asset":"packages/cupertino_icons/assets/CupertinoIcons.ttf"}]}]